Fasom_regi,crop,irrig,base_thousand_acres,neon_1_to_14_pct,neon_2_to_14_pct,neon_3_to_14_pct,neon_5_to_14_pct,neon_6_to_14_pct,neon_7_to_14_pct,neon_8_to_14_pct,neon_12_to_14_pct,neon_13_to_14_pct,neon_14_to_14_pct,neon_15_to_14_pct,neon_16_to_14_pct,neon_17_to_14_pct,neon_19_to_14_pct
Alabama,Corn,DryLand,180.3152,-3.6007,-5.3966,-6.6933,-2.947,-1.4208,-8.7191,-6.0884,-2.1497,-6.663,-4.3184,-0.6884,-4.1628,-8.2892,-5.6777
Alabama,Soybeans,DryLand,240.204,-3.7239,-5.4105,-13.6367,-4.2363,-4.6996,-5.8358,-13.6533,-5.2857,-6.0728,-7.8145,-1.2723,-5.809,-6.3689,-4.6649
Alabama,Wheat,DryLand,0.0,,inf,inf,,inf,inf,inf,inf,,,inf,,,inf
Arizona,Corn,Irrig,52.601,-0.0168,-7.1971,-2.1489,-6.5485,-3.0406,-5.3209,-5.8017,-6.0451,-4.7608,-5.8578,-3.9523,-6.0409,-3.5802,-4.5955
Arizona,Wheat,Irrig,47.0059,-22.1299,11.4526,16.3958,14.9678,19.6134,13.144,-0.6851,5.1283,9.399,14.4101,0.1556,3.3673,-0.2553,13.1915
Arkansas,Corn,DryLand,156.1289,1.5612,2.6697,1.5428,3.9808,1.4112,-1.2236,3.8595,-0.0698,-0.6304,0.1451,1.3261,0.3167,-2.5834,-1.922
Arkansas,Soybeans,DryLand,506.6853,-13.193,-24.3153,-20.2318,-2.5013,-13.028,-15.8053,-25.3071,-15.9382,-4.6753,-18.1486,-0.3073,-9.4409,-12.3071,-25.1189
Arkansas,Soybeans,Irrig,2177.4949,2.5052,4.9558,2.5794,1.0609,1.847,2.6544,5.8112,3.5607,0.6713,3.726,0.2244,1.5392,1.6448,4.8502
Arkansas,Wheat,DryLand,0.0,,,inf,,inf,inf,inf,inf,,,,,,
CaliforniaN,Corn,Irrig,58.89,0.0,0.0,0.0,0.0,0.0,0.0,0.0,0.0,0.0,0.0,0.0,0.0,0.0,0.0
CaliforniaN,Wheat,DryLand,0.0,602496288.1124,169358679.2224,481100663.8818,329718999.4081,169358279.2224,311019620.3644,309373311.0078,141221969.949,134141168.4422,152359748.966,469931360.5443,657228663.671,275549615.7419,144372415.5186
CaliforniaN,Wheat,Irrig,5.5433,17.2665,19.544,71.7857,20.2149,2.9485,8.7514,50.2775,12.5271,0.6534,8.6119,7.4391,2.5467,-43.0116,4.2273
CaliforniaS,Corn,Irrig,1.09,8.148,8.148,12.222,0.0,0.0,0.0,0.0,0.0,8.148,4.074,4.074,4.074,8.148,8.148
CaliforniaS,Wheat,Irrig,29.2001,-17.1085,21.113,-1.6738,19.1241,-3.0377,17.9362,20.184,24.0643,18.4334,43.3647,-0.7234,-9.123,-10.4537,11.6057
Colorado,Corn,DryLand,259.397,-6.5072,-1.8155,1.448,-5.9358,-2.3894,3.3358,-9.9866,21.8387,-10.6484,-1.0877,8.5987,2.8393,-7.5625,0.8126
Colorado,Corn,Irrig,700.9345,-0.7749,0.847,-2.3273,0.2199,1.2557,-0.4088,-0.015,-2.1512,2.0993,0.8989,-2.5429,-0.6743,1.9707,0.2312
Colorado,Wheat,DryLand,1994.7376,1.7707,0.6847,1.8827,0.954,0.2579,0.4871,2.0197,0.2507,0.5332,0.6581,1.5421,0.5868,0.2922,0.358
Colorado,Wheat,Irrig,118.6617,1.5875,1.5875,2.3821,0.0333,2.1603,0.5074,1.0147,-0.5728,2.7156,1.5875,0.5074,1.3753,0.4419,2.189
Connecticut,Corn,DryLand,43.3983,-6.3967,5.2333,7.3812,-1.5755,-4.9721,-2.7693,0.147,-1.8729,0.9402,-10.5606,-12.002,5.6487,-4.8613,-3.2728
Delaware,Corn,DryLand,78.9763,-6.1751,-11.5416,1.6899,7.686,-24.7197,-0.4129,-13.7239,0.4875,-20.3095,-9.9787,-6.0463,10.7224,10.1881,2.1776
Delaware,Corn,Irrig,0.01,0.0,0.0,0.0,0.0,0.0,0.0,0.0,0.0,0.0,0.0,0.0,0.0,0.0,0.0
Delaware,Soybeans,DryLand,193.2532,0.5078,-2.011,-0.9969,-0.5462,0.0177,-0.8743,-0.3408,-1.6948,1.8293,-3.1261,-1.2166,1.4327,-2.165,-3.2649
Florida,Corn,DryLand,25.6078,-2.6134,4.6993,11.5253,3.0164,-22.5923,12.3233,-4.7477,-1.4146,-8.6906,20.1093,-14.5514,-14.4533,4.0397,3.206
Florida,Soybeans,DryLand,26.6985,18.2947,4.0655,10.1637,12.0501,2.6746,10.0699,11.293,0.9079,6.0982,20.3274,8.131,14.2292,10.1637,-10.1637
Georgia,Corn,DryLand,302.5964,3.0647,-9.2595,-4.6347,-0.8128,6.2321,-9.7146,3.0016,1.62,4.5918,-6.9559,5.2268,4.5472,8.1553,-1.4179
Georgia,Soybeans,DryLand,154.4298,16.2497,-2.4927,5.2418,0.4111,9.0719,2.1415,3.8244,3.9263,6.6202,1.4818,1.2006,-0.6082,-8.1762,7.4845
Georgia,Wheat,DryLand,156.7201,16.4543,8.9139,27.1153,-10.8306,15.286,9.9238,7.0399,5.2776,-0.0106,7.0737,-0.3637,-6.5885,-11.0927,2.1071
Idaho,Corn,DryLand,26.9676,34.4277,-0.5909,44.2936,10.7874,33.4024,-25.0214,-9.0516,-25.0632,22.4016,8.2412,-0.1657,42.4032,-8.0091,-13.6178
Idaho,Corn,Irrig,44.99,0.0,0.0,0.0,0.0,0.0,0.0,0.0,0.0,0.0,0.0,0.0,0.0,0.0,0.0
Idaho,Wheat,DryLand,29.1215,-12.333,-1.821,24.2672,-44.1096,-25.3957,-48.8744,69.1355,29.8703,21.8251,-45.5019,7.6459,-37.4126,-12.7901,-5.6378
Idaho,Wheat,Irrig,4.3097,-0.0039,-0.0039,-0.0078,0.0,-0.0078,0.0039,-0.0039,0.0,-0.0117,0.0,-0.0156,0.0,0.0039,-0.0078
IllinoisN,Corn,DryLand,7498.5005,0.3647,1.7452,-0.5601,0.1085,0.4984,-0.2541,2.1671,0.19,1.4758,0.9836,-0.8389,-0.3423,-1.1542,-0.7254
IllinoisN,Soybeans,DryLand,5200.673,-0.1882,-2.7577,1.5016,-0.5217,-0.9254,0.7815,-2.2113,-0.1744,-2.6739,-1.4291,1.1442,-0.2794,1.4738,0.7048
IllinoisN,Wheat,DryLand,162.9603,-11.7725,-13.8271,-18.3869,-11.3581,7.6316,-15.7836,-30.7985,-3.287,7.3151,-4.3356,2.8638,4.222,-1.0369,-1.4305
IllinoisS,Corn,DryLand,4483.9827,-1.4674,0.3023,0.5032,1.6785,1.6671,-3.3054,1.4044,0.5354,0.2358,-0.9865,1.3117,1.9937,-1.0007,-0.6463
IllinoisS,Soybeans,DryLand,4716.6218,1.6016,-0.6355,1.1498,-2.1097,-1.3641,3.6047,-1.5191,-1.1519,0.2843,0.5911,0.4779,-3.6304,0.828,0.8264
IllinoisS,Wheat,DryLand,518.3771,-3.3754,-0.657,-8.0725,10.4084,-0.9349,-0.8187,8.2169,5.1887,-3.1477,2.5804,-3.143,15.7744,2.8078,-3.8288
IndianaN,Corn,DryLand,4554.6338,-1.5233,3.9949,0.0198,0.4437,0.1501,-1.2422,1.4229,-0.6855,-1.5354,1.5578,-0.8833,-1.6243,-0.2348,0.931
IndianaN,Soybeans,DryLand,4469.649,0.3067,-3.5616,0.3308,0.5835,-0.7123,1.589,-0.7819,0.2948,1.6529,-2.1416,0.6207,2.4492,0.6305,-0.9713
IndianaN,Wheat,DryLand,234.0764,1.7882,-5.521,-4.2882,-11.3621,10.0752,-2.5466,-11.9582,0.0512,3.3968,2.4384,6.9411,-6.4189,-1.6579,-5.3295
IndianaS,Corn,DryLand,1173.5066,3.1353,1.7361,2.1224,-0.9327,0.8136,-0.5139,2.2111,2.7879,-0.6457,0.0859,0.4634,0.3702,0.4443,2.5515
IndianaS,Soybeans,DryLand,1172.3899,-0.7653,1.1033,-0.8923,1.3648,-1.1427,2.2254,-0.1966,-1.5171,0.2239,0.4245,-0.4498,0.3398,0.6743,0.4154
IndianaS,Wheat,DryLand,114.8129,2.4593,-6.8556,-2.2589,-4.7467,2.2695,-0.1364,-1.899,5.0453,2.5242,0.6498,2.2467,0.7632,0.0912,-3.7108
IowaCent,Corn,DryLand,5273.7486,0.4873,-1.5294,-1.5332,0.4442,-1.8275,2.3285,-1.2737,0.465,0.4656,0.6903,0.0741,1.6151,0.3179,0.4113
IowaCent,Soybeans,DryLand,3792.1592,0.1159,2.15,2.776,-0.1332,3.2911,-2.7567,2.8019,0.1687,-0.615,-0.567,0.4646,-1.5264,0.0921,-0.2331
IowaCent,Wheat,DryLand,1.4759,-46.4286,-25.0,-32.1429,-14.2857,-14.2857,-28.5714,-64.2857,-21.4286,-28.5714,-10.7143,-14.2857,-14.2857,-7.1429,-35.7143
IowaNE,Corn,DryLand,1321.1826,-1.8213,0.5499,-0.6697,0.5885,-0.2566,3.5106,-0.6098,0.3076,1.7614,2.8727,0.8177,0.4019,-0.2494,1.0793
IowaNE,Soybeans,DryLand,704.9494,-0.8994,-1.9302,-0.3411,-0.6609,0.5498,-4.0548,-0.6438,-0.9085,-1.7552,-2.8143,-1.884,-0.8596,-1.3728,-1.0895
IowaNE,Wheat,DryLand,2.8029,-0.1693,-0.2056,-0.1088,-0.1935,-0.133,-0.1693,-0.1693,-0.0363,-0.1451,-0.1209,-0.0847,-0.0847,-0.1572,-0.0968
IowaS,Corn,DryLand,1615.658,1.54,0.8256,0.3755,-2.2511,2.0705,1.0808,0.876,-0.0813,1.4901,-2.2926,0.856,0.3963,-0.9486,1.216
IowaS,Soybeans,DryLand,1346.0034,-1.562,-2.7986,-0.3271,-1.2992,-0.8187,-2.0399,-1.0766,-0.9496,-2.728,-1.6966,-2.3286,-4.0543,-1.6015,-1.6238
IowaS,Wheat,DryLand,8.749,15.5901,17.0847,7.7995,38.0471,13.3438,24.4948,2.5998,8.5392,18.1987,12.9991,15.5989,20.7985,18.1987,5.1996
IowaW,Corn,DryLand,4925.7533,1.8638,-1.3634,0.1429,0.3809,-0.6188,-0.0316,-0.4965,1.1977,1.6471,-0.1035,1.0802,3.5743,1.1211,-0.7752
IowaW,Soybeans,DryLand,4504.3213,-2.1267,0.6723,-0.2878,-1.2468,0.3312,-1.4479,0.6703,-1.8598,-2.5794,-0.5083,-1.7724,-4.6899,-1.1312,0.336
IowaW,Wheat,DryLand,5.5115,-18.9782,-5.7539,-13.3373,9.4131,1.8296,-0.6982,-23.4486,6.8853,-8.2817,-3.226,1.8296,11.9409,6.8853,-13.3373
Kansas,Corn,DryLand,0.0092,3.7037,3.7037,115599.8712,3.7037,297025.5831,3.7037,150717.7804,119376.1985,443177.9159,5.5556,-1.8519,118586.197,140592.9925,147101.2212
Kansas,Corn,Irrig,3151.8728,-0.1078,-0.3083,0.4892,-0.0212,0.4815,-0.2297,-0.0098,-0.034,0.4607,-0.1837,-0.234,-0.2057,0.2344,0.5081
Kansas,Soybeans,DryLand,2408.5587,-0.6011,-0.6214,1.3737,-0.3201,2.2642,-0.561,0.7941,0.5377,2.9864,-0.2585,-0.3989,0.3318,1.0273,1.6166
Kansas,Soybeans,Irrig,414.4923,-3.0167,5.0408,-1.1847,1.0719,1.0719,-1.1847,3.7304,3.0131,7.8765,5.4577,-0.6287,9.8354,0.0643,4.3078
Kentucky,Corn,DryLand,1670.2639,0.5509,0.1811,1.057,1.5857,1.7447,-1.4771,3.153,-2.003,1.5027,1.3731,2.609,0.6304,2.26,0.3288
Kentucky,Soybeans,DryLand,1835.7703,0.316,0.3498,0.4812,2.0189,-3.4055,1.0335,2.8643,0.8926,-0.6089,-0.7885,0.2483,1.1773,-2.4575,-1.9991
Louisiana,Corn,DryLand,508.2784,8.8619,2.8558,12.959,3.4323,4.923,7.9116,5.0441,5.29,5.4648,7.1877,2.278,8.4487,10.0345,8.3306
Louisiana,Soybeans,DryLand,691.4875,-3.073,0.0013,24.7925,2.5986,-0.3688,-3.0489,8.349,0.04,-2.7518,-0.1335,5.0195,-5.8441,-9.9902,-1.7986
Maine,Corn,DryLand,35.8154,9.3735,9.9813,16.5695,9.9331,24.3815,11.6529,-13.9609,4.6573,14.5462,-2.9962,8.7934,15.8778,2.432,8.9176
Maryland,Corn,DryLand,209.4377,2.8851,-10.2474,16.1419,11.6118,-14.9487,1.5577,-12.2734,-2.342,-23.365,-7.6617,-14.0593,10.0874,12.6397,-0.01
Maryland,Soybeans,DryLand,518.1169,1.4723,-0.2311,0.1117,0.9402,-0.6429,1.5363,-1.2642,-0.7311,0.7844,-0.1893,-1.3166,0.8446,-1.1692,-1.4633
Maryland,Wheat,DryLand,201.6084,2.1236,-0.8603,-3.1882,-0.4085,-1.3635,-0.5322,-2.443,2.5826,-4.596,0.2392,-2.1008,-3.2251,-2.7993,3.0011
Massachusetts,Corn,DryLand,30.267,-19.7262,2.0895,3.1183,2.0481,5.0022,-10.1171,-15.4868,-1.3306,6.5979,-1.4235,-1.6768,11.6741,-4.1977,3.6737
Michigan,Corn,DryLand,2104.5447,5.9086,5.2641,2.5322,8.9016,7.693,9.496,8.5138,3.6469,4.8186,9.3443,6.3813,5.1533,6.1758,7.7549
Michigan,Soybeans,DryLand,2300.6184,4.1531,0.9477,2.0895,1.4177,1.5307,0.6531,2.4679,2.2343,3.0886,3.4448,0.8575,2.9946,1.6241,0.0187
Michigan,Wheat,DryLand,527.9336,-5.4019,-3.2189,-1.5892,-4.7879,-1.9638,-3.6829,-4.5738,-3.4555,-3.7785,-5.8373,-1.6729,-5.4577,-3.6344,-3.0858
Minnesota,Corn,DryLand,7097.3306,-2.9328,-1.986,-1.219,-3.116,-3.0242,-1.1835,-3.4061,-1.0409,-3.8798,-3.138,-2.7643,-2.0784,-2.6906,-3.2722
Minnesota,Soybeans,DryLand,7636.6444,-0.4474,1.1268,0.0237,0.749,1.2742,-1.773,0.081,0.2492,0.5233,0.1312,1.3633,0.3581,0.5512,0.0744
Minnesota,Wheat,DryLand,1371.6957,1.7166,0.1371,2.7413,0.9218,-1.0189,4.9153,4.1636,-0.4304,2.0991,3.9118,0.1867,-0.3943,1.0172,2.0157
Mississippi,Corn,DryLand,745.6922,2.1047,1.8749,4.141,0.4075,1.5589,1.9833,4.8469,0.0682,0.6737,-2.6972,5.4383,1.296,2.2144,1.4979
Mississippi,Soybeans,DryLand,1755.7791,-2.9916,-3.3273,-7.0287,-2.1483,-4.5172,-4.3357,-4.4923,-1.0064,-2.1809,-1.4326,-1.9022,-0.988,-2.0973,-4.8112
Missouri,Corn,DryLand,3570.4482,-2.6574,-2.1315,1.2199,-1.5077,-0.2747,0.7464,-2.4127,-1.2718,-1.7393,-1.0616,0.655,-1.7837,-0.7226,-0.0233
Missouri,Soybeans,DryLand,5882.177,-2.4271,-2.9462,-1.545,-2.0779,-0.7516,0.6338,-0.6537,0.5795,-1.7296,0.3939,-1.1076,-1.4463,-1.8448,-1.0493
Montana,Corn,Irrig,75.6449,6.7976,-4.6235,4.6237,3.4433,-4.1264,6.4912,-0.5544,-7.0403,-6.4962,4.0051,2.2184,-2.5041,6.3229,-0.4274
Montana,Wheat,DryLand,4809.6141,1.8078,1.1658,2.9672,3.9705,0.3455,2.8329,3.023,0.2874,1.874,1.5216,3.4117,1.7221,1.983,0.5152
Montana,Wheat,Irrig,111.9234,0.5984,0.795,0.5748,-0.284,1.9882,1.0991,0.8296,-0.37,1.8955,0.0284,3.9775,-0.118,0.9545,-0.1267
Nebraska,Corn,DryLand,19.3961,-65.7018,10.52,-29.3805,-86.3214,-66.1494,-92.0695,-91.4664,-62.7805,36.7731,-34.5217,-4.4577,-61.4709,-57.9197,-34.7826
Nebraska,Corn,Irrig,9760.6046,0.7488,0.7846,0.6037,0.569,0.3581,0.6502,0.3082,0.8359,0.4795,0.5001,0.571,0.6261,0.3386,0.2707
Nebraska,Soybeans,DryLand,1210.6674,-21.095,-4.7582,-10.4382,-19.5524,14.3491,5.9873,-7.7573,-13.2783,-7.1749,-8.6169,-6.6119,-24.0017,-15.1686,-9.2028
Nebraska,Soybeans,Irrig,4635.5546,3.3864,-0.3558,2.2513,3.4832,-4.0289,-2.3807,1.8345,2.3173,0.801,1.74,0.1172,4.3114,3.3149,1.1009
Nebraska,Wheat,DryLand,948.8776,4.465,3.998,1.2494,3.4773,3.2178,2.9491,1.5376,3.7378,3.2665,1.86,4.3942,3.2908,1.6588,4.2532
Nebraska,Wheat,Irrig,125.6559,10.4457,-5.2939,-19.0838,1.5562,-21.7868,-17.0709,-22.2737,-21.2586,-7.2976,-19.6298,-8.0137,-0.3708,-8.2485,-5.1443
Nevada,Corn,Irrig,6.7839,-0.0,-16.0,-18.3592,4.0,6.3529,4.0,8.1588,-24.0,8.0,-7.9827,-19.2989,-12.0,32.0,20.0
Nevada,Wheat,Irrig,5.9558,-5.1282,20.3968,25.641,25.641,12.8205,18.7103,28.2051,12.7094,24.714,15.3846,20.5128,7.6923,28.2051,2.5641
NewHampshire,Corn,DryLand,20.6079,-1.1143,14.9333,10.7707,35.4414,11.8921,-6.3302,17.8197,3.7934,21.8125,8.8839,2.8962,14.3614,11.6209,2.3516
NewJersey,Corn,DryLand,47.8867,-3.4691,1.2384,18.8843,24.9654,-11.692,0.866,-2.3901,1.9836,1.0461,-0.2677,-6.1841,17.4574,19.2276,2.8673
NewJersey,Soybeans,DryLand,103.7089,-1.1538,-1.8689,0.5512,-0.4699,-0.4047,-0.8866,-1.526,-1.0342,1.2442,-2.2433,-1.2758,0.9772,-0.348,-2.1173
NewMexico,Corn,DryLand,0.0007,-48.0362,3.9275,-22.0543,3.9275,-48.0362,-22.0543,-74.0181,51.9638,3.9275,-74.0181,-48.0362,-74.0181,-0.0,-48.0362
NewMexico,Corn,Irrig,177.3645,0.1943,-0.0233,-0.1692,-0.06,-0.7304,0.0837,0.082,-0.3419,-0.5134,0.1861,-0.4069,-0.1343,-0.0011,-0.3121
NewMexico,Wheat,Irrig,48.5815,-3.4144,1.9148,0.954,-1.087,-3.3442,-4.0735,-0.7175,-5.4551,0.138,-0.5543,-1.3827,-4.0314,-1.4983,0.1377
NewYork,Corn,DryLand,1113.2743,2.5844,-3.9928,-7.5147,-10.5963,-9.2102,-8.4904,-1.1818,1.0206,3.3054,-10.9755,-3.0293,-3.3494,-9.4759,-0.6999
NewYork,Soybeans,DryLand,384.6495,-1.3561,1.4397,3.8342,0.2693,-0.6583,5.9044,0.3002,0.384,2.2975,3.3466,0.6635,1.8637,1.2043,1.7539
NewYork,Wheat,DryLand,118.9359,1.2733,-4.4326,1.5133,5.0609,-2.323,2.3162,-3.7955,-3.3778,8.2254,2.0823,5.2217,-3.5423,-0.317,-2.6688
NorthCarolina,Corn,DryLand,790.2126,1.9218,3.5871,-3.5205,-0.1215,-5.68,7.6767,4.6483,-1.0236,5.722,-1.1856,-4.3404,0.6818,2.5322,5.8669
NorthCarolina,Soybeans,DryLand,1626.2165,-0.0132,-0.8543,-3.3985,-0.1526,-0.126,-2.9272,-1.8709,-2.0721,0.0307,-2.068,0.8453,-1.0576,-1.4808,-1.5351
NorthCarolina,Wheat,DryLand,124.0802,7.3791,26.6399,4.4049,0.4722,10.2842,42.3972,2.6076,7.1299,-27.0382,13.1831,-12.0076,-0.7126,3.1526,52.9174
NorthDakota,Corn,DryLand,895.566,0.0771,0.8124,1.5499,0.2783,0.5074,1.9951,1.1953,-1.1007,-0.0803,2.1213,-1.3194,-0.3804,1.8768,-0.4974
NorthDakota,Corn,Irrig,684.5701,1.4991,-0.6764,-1.9449,-0.8474,-0.1918,-1.087,-0.0869,2.4149,-0.0813,-2.8147,2.3309,-1.0312,-2.0219,0.151
NorthDakota,Soybeans,DryLand,3463.5783,1.5497,0.802,0.2511,0.1707,0.5697,1.4708,0.9178,0.9073,0.1375,0.5986,0.6825,-0.9528,0.5843,-0.112
NorthDakota,Wheat,DryLand,9768.0045,-0.6671,-0.246,-0.1561,0.1707,-0.2076,-0.7084,-0.4891,-0.395,0.0913,-0.0155,-0.2771,0.4829,-0.1892,0.2349
NorthDakota,Wheat,Irrig,13.886,1.2856,30.3374,12.6266,45.8676,9.4189,26.7082,4.4316,-2.79,16.9207,24.8228,-7.6965,6.9719,38.6744,-0.6675
OhioNE,Corn,DryLand,276.1884,-1.4,3.3599,3.7778,9.1701,5.1133,7.0723,3.6428,7.8264,7.9427,7.0197,2.388,2.9649,2.8611,1.9198
OhioNE,Soybeans,DryLand,288.2767,0.9188,-0.2449,0.9588,1.3162,-0.2006,1.6079,1.2433,0.0123,1.5468,1.4925,1.5442,2.111,1.0127,0.9887
OhioNE,Wheat,DryLand,28.8191,-2.6324,0.5245,-1.3715,-4.0962,0.3093,-4.3155,-4.2351,-2.371,-2.8833,-2.1572,-4.0539,-4.0695,0.1656,-2.0699
OhioNW,Corn,DryLand,2910.6802,-0.2516,0.1377,-1.2681,-0.1743,-0.0294,-1.4893,0.2984,-1.8726,-0.8804,-2.4596,-0.9159,-2.4572,-0.5198,-1.1338
OhioNW,Soybeans,DryLand,3987.1915,0.4398,0.4129,1.2977,0.9633,0.3461,1.5658,0.4613,1.8688,1.0961,2.0228,1.3102,2.0774,1.0045,0.8043
OhioNW,Wheat,DryLand,428.8461,-0.7641,-2.5615,-0.195,-3.0243,-1.6645,-1.7411,-1.5602,-2.9967,-1.7127,-0.4962,-1.8659,-2.916,-1.2775,1.8489
OhioS,Corn,DryLand,424.1973,0.2125,8.8374,3.7237,-1.8049,-5.3206,5.4202,6.287,2.8047,2.4465,11.5367,-9.1032,-3.2822,7.4962,2.2862
OhioS,Soybeans,DryLand,731.419,-0.6115,1.8018,2.1489,1.3385,0.3031,4.0214,3.2587,0.2237,2.2675,3.0038,2.0747,3.1773,1.171,-0.5951
OhioS,Wheat,DryLand,38.2147,6.4246,-12.9216,-10.1896,-13.1894,6.2318,-28.6645,-21.1317,-8.6306,-4.493,-18.7944,-3.2243,-17.8999,-9.2297,5.5378
Oklahoma,Corn,DryLand,20.7205,-8.5189,-51.1926,-36.9409,-25.0288,-16.8732,-64.4689,-49.3869,-64.6923,-64.6923,-56.4166,-64.3414,-27.1745,-48.6306,8.6004
Oklahoma,Corn,Irrig,116.7421,-0.223,-3.2802,4.7809,1.1734,-5.7122,9.7044,2.276,-8.312,-12.3093,0.449,-5.9719,-8.6009,4.6791,2.1766
Oklahoma,Soybeans,DryLand,382.274,0.6645,-13.1254,-12.6235,0.2657,-4.7464,-14.2609,-11.8206,-9.5096,-2.9244,-14.6701,-2.1058,-6.5729,-15.0401,-3.9713
Oregon,Wheat,DryLand,624.887,-2.0286,-0.8359,-0.4628,-1.3332,0.7163,-1.0406,2.2474,-0.4638,-1.0444,-1.9214,0.0635,1.6911,0.5604,-1.8764
Oregon,Wheat,Irrig,520.6785,-0.6683,-0.9735,-0.8402,-1.5338,-0.7844,-0.5784,-1.2348,-0.0226,0.2252,-0.2578,-0.2369,-1.3779,0.3814,-0.6739
Pennsylvania,Corn,DryLand,1338.0345,-2.2836,6.1904,4.4756,3.4106,10.6205,8.1826,4.4937,0.7708,1.0395,12.2488,7.5505,-2.1598,7.7994,0.9437
Pennsylvania,Soybeans,DryLand,720.4735,-1.0999,0.4243,0.2952,0.8649,-1.7313,3.2263,1.2573,2.197,-1.4745,1.2049,-2.9881,0.4261,1.234,-0.3526
Pennsylvania,Wheat,DryLand,172.9821,-2.7128,-1.7376,-4.0903,-0.2753,0.0032,-0.0074,-2.4791,-0.5758,2.5409,-0.5739,2.8384,-3.3785,-0.3177,-2.5293
RhodeIsland,Corn,DryLand,3.0259,0.3468,5.6988,9.8011,10.6473,-0.9545,2.25,-1.744,7.0793,-22.8334,6.4715,-1.2155,-18.2942,0.631,7.2152
SouthCarolina,Corn,DryLand,269.943,-0.753,2.4718,7.0408,5.8421,-4.2646,16.1628,0.9093,-1.259,3.5999,-1.2598,-0.5811,2.4948,2.4269,5.957
SouthCarolina,Soybeans,DryLand,373.1679,0.9097,-1.0517,-0.5417,-1.8091,-1.6336,-0.8757,0.5716,0.3542,0.3265,-0.7861,-1.857,-0.2655,0.8875,-2.2511
SouthCarolina,Wheat,DryLand,130.4243,8.1832,21.1326,16.2021,1.6822,10.3046,22.5894,-2.1666,20.2821,-8.6476,13.0494,-3.5463,1.2932,-4.0242,12.7432
SouthDakota,Corn,DryLand,1854.0264,-4.0045,-9.3572,-2.375,-4.4599,6.8681,-17.7481,-4.8575,-5.2694,-5.9112,-4.7881,4.1236,-5.4008,-8.7351,-4.8632
SouthDakota,Corn,Irrig,66.2696,-4.873,9.5665,-0.4102,4.0711,10.0265,4.8986,13.4959,18.7741,19.0561,5.6703,9.0537,-9.5871,24.2112,-14.901
SouthDakota,Soybeans,DryLand,5903.5901,0.8947,0.1294,1.4335,-0.5469,-0.224,-1.5113,0.4032,-0.5658,1.0274,-0.7859,0.7024,0.4865,-1.6479,-1.1819
SouthDakota,Wheat,DryLand,1485.2128,-2.7126,0.9693,-6.6696,2.5262,0.7042,7.4467,-2.4596,2.6609,-3.429,2.6465,-1.9284,-0.2994,5.6911,4.8763
Tennessee,Corn,DryLand,794.3447,6.969,4.3771,10.6688,2.2825,1.8745,6.5416,4.3944,4.247,-0.0437,3.5206,1.7576,2.5653,0.7129,2.7399
Tennessee,Soybeans,DryLand,1690.3961,-1.1985,-1.4534,-3.6334,-1.0186,-2.3102,-0.6321,-2.3334,-1.1807,0.179,-1.2886,-0.9976,-0.2992,-0.4092,-1.1822
TxCntBlack,Corn,DryLand,634.9847,0.295,0.9648,-2.748,-1.685,0.5574,0.8834,-0.7767,3.3377,3.9965,2.5297,3.7096,2.7503,2.8424,0.2923
TxCntBlack,Corn,Irrig,22.3802,8.6957,-0.0,15.4662,21.7391,4.3478,26.087,10.7812,-3.7581,4.3478,21.7391,-1.5869,14.4632,-8.6957,12.9584
TxCntBlack,Soybeans,DryLand,103.6893,1.6209,-3.1073,-36.1458,-20.6088,3.3376,-28.218,-28.377,-4.1629,-11.3103,-7.5871,-12.2459,-4.9726,-18.9791,0.5951
TxCntBlack,Soybeans,Irrig,5.81,0.0,0.0,0.0,0.0,0.0,0.0,0.0,0.0,0.0,0.0,0.0,0.0,0.0,0.0
TxCoastBe,Corn,DryLand,179.4655,0.2383,0.1562,-2.679,-3.31,-2.4542,-2.8861,-2.5768,-2.7699,-3.76,-7.0021,-2.0288,-0.0643,-2.5577,-1.2561
TxCoastBe,Corn,Irrig,6.5836,-1.4211,0.0,-1.4211,-0.7978,0.0,-1.4211,-1.4211,0.0,-1.4211,-1.4211,-1.4211,-1.4211,0.0,-1.4211
TxCoastBe,Soybeans,DryLand,44.1233,-4.3077,-5.7874,-10.2264,-14.6655,-11.7061,-1.3484,-1.3484,-5.7874,-4.9335,-5.7874,3.0907,-10.2264,-11.7061,-4.2481
TxCoastBe,Soybeans,Irrig,2.3822,-0.7969,3.1875,-1.5937,-1.5937,-0.7969,1.5937,-0.0,-3.1875,-2.3906,0.7969,-2.3906,3.1875,6.0374,-5.5781
TxEast,Corn,DryLand,23.9531,9.3597,7.253,5.4886,5.3758,5.5794,3.3363,3.4172,7.3341,9.131,5.3761,7.1721,5.2142,3.4037,10.9941
TxEast,Corn,Irrig,18.71,0.0,0.0,0.0,0.0,0.0,0.0,0.0,0.0,0.0,0.0,0.0,0.0,0.0,0.0
TxEast,Soybeans,DryLand,23.4442,-1.5628,1.5632,0.0002,1.5633,-1.5629,4.6893,3.1263,0.0002,1.5631,1.5632,3.1263,4.6893,4.6893,3.1262
TxEast,Soybeans,Irrig,17.71,0.0,0.0,0.0,0.0,0.0,0.0,0.0,0.0,0.0,0.0,0.0,0.0,0.0,0.0
TxEdplat,Corn,DryLand,1.8263,-20.0,-44.0,-40.0,-32.0,-28.0,-52.0,-60.0,-20.0,-52.0,-44.0,-36.0,-36.0,-44.0,-24.0
TxEdplat,Corn,Irrig,22.4863,-11.1183,-12.765,-15.6162,-10.7774,-12.8335,-21.4197,-21.0598,-9.909,-14.3632,-5.3799,-18.0237,-11.2982,-18.2416,-6.004
TxEdplat,Soybeans,DryLand,0.3717,-2.3256,-4.6512,-30.2326,-18.6047,-11.6279,-20.9302,-16.2791,-2.3256,-6.9767,0.0,-18.6047,-2.3256,-9.3023,-0.0
TxEdplat,Soybeans,Irrig,1.1069,0.0919,0.0306,0.0306,-0.0612,0.0919,-0.0306,0.0306,0.1531,-0.0306,0.245,-0.0306,0.0612,0.1225,0.1531
TxEdplat,Wheat,Irrig,10.0019,-2.2742,-13.6449,-13.6449,-9.0966,-2.2742,-18.1932,-13.6449,-13.6449,-16.6227,-11.3708,-22.7415,-11.3708,-20.4674,-6.8225
TxHiPlains,Corn,DryLand,368.8338,1.7146,-2.0532,-8.5239,-3.0667,0.3699,-2.5265,-7.2088,-2.2516,-6.9219,-5.7322,-1.4876,-2.7747,2.6912,0.3134
TxHiPlains,Corn,Irrig,767.9439,-2.6316,-0.4257,1.8808,-0.6396,-1.5567,-1.6882,1.3403,0.5791,1.9918,0.9142,0.2976,-0.0355,-1.9683,-1.9382
TxHiPlains,Soybeans,DryLand,4.81,0.0,0.0,0.0,-0.0141,0.0,0.0,0.0,0.0,-0.007,0.0,0.0,0.0,0.0,-0.007
TxHiPlains,Soybeans,Irrig,134.0479,9.7063,11.1292,4.5188,1.5989,2.9815,6.5237,5.8743,0.4209,2.1927,23.5346,-10.9238,4.0601,11.3892,7.4728
TxRolingPl,Corn,DryLand,0.8415,6.6667,-26.6667,-33.3333,-26.6667,-6.6667,-40.0,-60.0,-33.3333,-20.0,-20.0,-53.3333,-33.3333,-46.6667,-13.3333
TxRolingPl,Corn,Irrig,5.6383,7.924,-6.5292,3.8796,8.8168,10.1004,2.8738,12.7788,1.7856,22.1818,15.1506,19.1126,18.0244,-8.3148,-3.0692
TxRolingPl,Soybeans,DryLand,3.06,-14.7059,-38.2353,-44.1176,-38.2353,-29.4118,-44.1176,-44.1176,-29.4118,-44.1176,-29.4118,-55.8824,-35.2941,-50.0,-23.5294
TxRolingPl,Soybeans,Irrig,1.5086,0.0,-0.0225,-0.1573,0.0,0.0225,-0.0674,-0.1348,-0.0225,0.0,0.0449,-0.0449,-0.0449,-0.0449,-0.0225
TxSouth,Corn,Irrig,18.6215,16.4359,-4.2318,25.4947,58.8268,33.1927,16.3072,4.2282,9.6847,40.7858,17.5794,7.4016,16.1572,11.6226,28.7283
TxSouth,Soybeans,DryLand,0.5376,-1.9231,-8.7565,-19.2308,-21.1538,-3.8462,-13.4615,-11.5385,-5.7692,-7.6923,3.8462,-15.3846,-9.6154,5.7692,-3.8462
TxSouth,Soybeans,Irrig,1.3059,0.0,0.0,-0.623,-0.4672,-0.1557,0.1557,-0.3115,-0.1557,-0.3115,0.1557,-0.4672,-0.4672,0.1557,0.0
TxSouth,Wheat,Irrig,6.0793,4.6932,-14.8787,-14.8787,-14.8787,-5.0928,-12.9216,-12.9216,-14.8787,-12.9216,-5.0928,-16.8359,-12.9216,-16.8359,-5.0928
TxTranspec,Corn,Irrig,1.2857,3.7967,48.6031,-50.3636,25.7021,-45.4534,-50.9599,-45.6829,-28.8116,-36.8562,-23.1866,-45.7093,-31.9419,-32.021,-23.2333
TxTranspec,Wheat,DryLand,0.819,9.375,18.75,-25.0,-9.375,-37.4998,-31.25,-21.875,-25.0,-18.7498,-15.6248,-15.625,-18.75,-3.125,-12.5
TxTranspec,Wheat,Irrig,1.1653,-6.4582,-6.4582,-6.4582,-6.4582,-3.2291,-3.2291,0.0,-6.4582,-6.4582,-6.4582,-3.2291,-6.4582,-6.4582,-0.219
Utah,Corn,Irrig,12.7105,31.9985,26.6323,50.1679,29.8298,-1.363,36.8106,9.3835,18.1715,22.8005,19.1238,23.851,28.3478,32.7483,1.7077
Utah,Wheat,DryLand,3.69,0.0,0.0,0.0,0.0,0.0,0.0,0.0,0.0,0.0,0.0,0.0,0.0,0.0,0.0
Utah,Wheat,Irrig,1.9227,-4.2273,42.8796,145.1403,-49.4015,-82.3412,122.1811,242.7701,-69.0356,-38.3703,-10.8326,-58.7055,77.5277,-12.3228,-79.313
Vermont,Corn,DryLand,119.8257,8.25,9.1744,13.301,17.2124,8.8357,12.7902,-2.2573,4.0204,25.9867,15.085,5.9873,21.8663,-5.2584,-0.1032
Virginia,Corn,DryLand,514.1442,-0.9476,1.2961,-5.8337,-0.5589,0.3667,-2.0346,-0.4892,-3.254,0.2393,-0.9694,2.4745,1.4892,-1.7117,-1.8306
Virginia,Soybeans,DryLand,641.2782,3.3039,-0.5796,-0.652,1.4168,0.0259,-1.3348,0.2458,0.2867,0.1925,0.7192,0.7609,1.9047,1.8638,-0.0285
Washington,Wheat,DryLand,1436.9252,2.0161,1.7171,2.1447,2.3068,1.1037,1.5568,2.6266,1.6621,1.4546,1.206,2.1741,1.6669,1.4196,1.2498
Washington,Wheat,Irrig,172.81,0.0506,0.0,0.0,0.0,0.0,0.0,0.0,0.0,0.0,0.0,0.0,0.0,0.0,0.0
WestVirginia,Corn,DryLand,34.8624,-5.1256,4.6276,1.8601,-7.5593,13.8559,9.9067,7.3614,5.1084,-29.333,13.6214,-10.5884,-6.4971,10.7183,19.9934
WestVirginia,Soybeans,DryLand,27.01,-0.817,-0.817,0.0,-0.817,-0.817,-0.817,0.0,0.0,-0.817,0.0,0.0,-0.817,0.0,-2.4511
WestVirginia,Wheat,DryLand,8.6019,1.1862,1.1862,2.3724,1.1862,3.5586,3.5586,1.8489,1.1862,1.1862,0.0,2.3724,0.0,3.5586,0.8563
Wisconsin,Corn,DryLand,3840.044,2.2799,0.5595,1.2041,2.4086,-0.398,1.5007,1.7465,1.2357,1.8109,1.8757,0.9159,2.1164,2.4483,1.3225
Wisconsin,Soybeans,DryLand,2139.0622,-1.5305,-0.6853,-2.5123,-0.8498,-2.7256,-1.5165,-2.5632,-3.268,-2.3886,-3.1137,-0.5123,-0.7809,-1.3955,-3.3408
Wisconsin,Wheat,DryLand,237.9787,-15.1168,-6.4342,-1.7447,-4.5881,-3.3263,-7.343,-11.2459,-12.8183,4.0845,-6.5232,-1.8405,-7.7343,-1.8263,-12.0067
Wyoming,Corn,DryLand,8.8236,4.3315,1.868,23.7192,3.3167,-6.684,3.1694,16.9352,18.3115,-0.8776,23.8559,9.6659,7.6766,3.6707,26.1378
Wyoming,Corn,Irrig,96.1872,-0.4952,-1.3303,-4.9789,-1.1829,-0.4839,-0.9833,-4.1863,-2.6571,-0.6756,-2.4824,-0.9487,-0.8861,-2.3594,-2.8533
Wyoming,Wheat,DryLand,121.1319,0.1083,0.1743,-0.0451,0.313,0.2078,-0.2634,0.005,0.1698,0.4669,0.1409,0.4441,0.0919,0.1395,0.7867
